Authors,Title,Publication,Volume,Number,Pages,Year,Publisher
"Abdolalizadeh, AmirHussein; Abbasi, Nooshin; Mohajer, Bahram; ",Default Mode Network Integrity and Brain Atrophy Rates in Patients with Alzheimer's Disease and Mild Cognitive Impairment: The Role of Catechol-o-Methyltransferase Val158Met Variant (P4. 013),Neurology,86,16_supplement,P4. 013,2016,"Lippincott Williams & Wilkins Hagerstown, MD"
"Roostaei, T; Nazeri, A; Sadaghiani, SH; Abdolalizadeh, AH; Mohajer, B; Javadian, N; Eshaghi, A; Moghadasi, AR; Owji, M; Doosti, R; ",The ratio of T1w/T2w image intensities in deep grey matter as novel imaging biomarkers for multiple sclerosis,MULTIPLE SCLEROSIS JOURNAL,19,11,174-174,2013,"SAGE PUBLICATIONS LTD 1 OLIVERS YARD, 55 CITY ROAD, LONDON EC1Y 1SP, ENGLAND"
"Abdolalizadeh, AmirHussein; Mohajer, Bahram; Abbasi, Nooshin; ",Functional Dysconnectivity in Autism Spectrum Disorder Revealed by Network-Based Statistics.,Proc. Intl. Soc. Mag. Reson. Med,24,,1037,2016,
"Mohajer, Bahram; Abbasi, Nooshin; Pishgar, Farhad; Abdolalizadeh, Amirhussein; Ebrahimi, Hedyeh; Razaviyoun, Taraneh; Mohebbi, Farnam; Eskandarieh, Sharareh; Sahraian, Mohammad Ali; ",HLA-DRB1 polymorphism and susceptibility to multiple sclerosis in the Middle East North Africa region: A systematic review and meta-analysis,Journal of neuroimmunology,321,,117-124,2018,Elsevier
"Abbasi, Nooshin; Mohajer, Bahram; Abbasi, Sima; Hasanabadi, Payam; Abdolalizadeh, Amirhussein; Rajimehr, Reza; ",Relationship between cerebrospinal fluid biomarkers and structural brain network properties in Parkinson's disease,Movement Disorders,33,3,431-439,2018,
"Heydarpour, P; Manouchehrinia, A; Beiki, O; Mousavi, SE; Abdolalizadeh, A; ‐Lakeh, M Moradi; Sahraian, MA; ",Smoking and worsening disability in multiple sclerosis: a meta‐analysis,Acta Neurologica Scandinavica,138,1,62-69,2018,
"Mohajer, B; Abbasi, N; Abdolalizadeh, A; Razaviyoun, T; Sahraian, MA; ",HLA-DRB1 polymorphism and susceptibility to multiple sclerosis in the Middle East North Africa region: systematic review and meta-analysis reveals similarities with Caucasians,MULTIPLE SCLEROSIS JOURNAL,23,,499-500,2017,"SAGE PUBLICATIONS LTD 1 OLIVERS YARD, 55 CITY ROAD, LONDON EC1Y 1SP, ENGLAND"
"Saghazadeh, Amene; Ataeinia, Bahar; Keynejad, Kimia; Abdolalizadeh, Amirhussein; Hirbod-Mobarakeh, Armin; Rezaei, Nima; ","A meta-analysis of pro-inflammatory cytokines in autism spectrum disorders: Effects of age, gender, and latitude",Journal of psychiatric research,115,,90-102,2019,Pergamon
"Saghazadeh, Amene; Ataeinia, Bahar; Keynejad, Kimia; Abdolalizadeh, Amirhussein; Hirbod-Mobarakeh, Armin; Rezaei, Nima; ",Anti-inflammatory cytokines in autism spectrum disorders: A systematic review and meta-analysis,Cytokine,123,,154740,2019,Academic Press
"Mayeli, Mahsa; Mirshahvalad, Seyed Mohammad; Aghamollaii, Vajiheh; Tafakhori, Abbas; Abdolalizadeh, Amirhussein; Rahmani, Farzaneh; Alzheimer's Disease Neuroimaging Initiative; ",Plasma neurofilament light chain levels are associated with cortical hypometabolism in Alzheimer disease signature regions,Journal of Neuropathology & Experimental Neurology,78,8,709-716,2019,Oxford University Press
"Abdolalizadeh, AmirHussein; Ostadrahimi, Hamidreza; Mohajer, Bahram; Darvishi, Asma; Sattarian, Mahta; Ershadi, Amir Sasan Bayani; Abbasi, Nooshin; ",White matter microstructural properties associated with impaired attention in chronic schizophrenia: a multi-center study,Psychiatry Research: Neuroimaging,302,,111105,2020,Elsevier
"Abdolalizadeh, A; Moradi, K; Dabbagh Ohadi, MA; Mirfazeli, F; Rajimehr, R; ",Childhood Conduct History is Linked to Amygdalohippocampal Changes in Healthy Adults: A Neuroimaging Behavioral Study,,,,,2021,
"Abdoalizadeh, AmirHussein; Mohammadi, Soheil; Aarabi, Mohammad Hadi; ","The Forgotten Tract of Vision in Multiple Sclerosis: Vertical Occipital Fasciculus, Its Integrity, and Visuospatial Memory",medRxiv,,,2021.01. 25.21250430,2021,Cold Spring Harbor Laboratory Press
"Ashraf-Ganjouei, Amir; Moradi, Kamyar; Aarabi, Mohammadhadi; Abdolalizadeh, AmirHussein; Kazemi, Seyedeh Zahra; Kasaeian, Amir; Vahabi, Zahra; ",The association between REM sleep behavior disorder and autonomic dysfunction in Parkinson’s disease,Journal of Parkinson’s Disease,11,2,747-755,2021,"SAGE Publications Sage UK: London, England"
"Moradi, Kamyar; Faghani, Shahriar; Abdolalizadeh, AmirHussein; Khomeijani-Farahani, Mohammadreza; Ashraf-Ganjouei, Amir; Alzheimer’s Disease Neuroimaging Initiative; ",Biological features of reversion from mild cognitive impairment to normal cognition: A study of cerebrospinal fluid markers and brain volume,Journal of Alzheimer's disease reports,5,1,179-186,2021,"SAGE Publications Sage UK: London, England"
"Saberi, Amin; Abdolalizadeh, AmirHussein; Mohammadi, Esmaeil; Nahayati, Mohammad A; Bagheri, Hamed; Shekarchi, Babak; Kargar, Jalal; ",Thalamic shape abnormalities in patients with multiple sclerosis-related fatigue,Neuroreport,32,6,438-442,2021,LWW
"Abdolalizadeh, AmirHussein; Ostadrahimi, Hamidreza; Ohadi, Mohammad Amin Dabbagh; Saneei, Seyed AmirHussein; Ershadi, Amir Sasan Bayani; ",White matter microstructural associates of apathy-avolition in schizophrenia,Journal of Psychiatric Research,142,,110-116,2021,Pergamon
"Ashraf-Ganjouei, Amir; Moradi, Kamyar; Faghani, Shahriar; Abdolalizadeh, AmirHussein; Khomeijani-Farahani, Mohammadreza; Fatehi, Farzad; Alzheimer's Disease Neuroimaging Initiative; ",the transition of mild cognitive impairment over time: an av45-and fdg-pet study of reversion and conversion phenomena,Current Alzheimer Research,18,9,721-731,2021,Bentham Science Publishers
"Abdolalizadeh, AmirHussein; Mohammadi, Soheil; Aarabi, Mohammad Hadi; ","The forgotten tract of vision in multiple sclerosis: vertical occipital fasciculus, its fiber properties, and visuospatial memory",Brain Structure and Function,227,4,1479-1490,2022,Springer Berlin Heidelberg
"Abdolalizadeh, AmirHussein; Nazeri, Arash; Roostaei, Tina; Sahraian, Mohammad Ali; Sadaghiani, Shokufeh; Mohajer, Bahram; Aarabi, Mohammad Hadi; ",Statistical Brain Network Analysis in Female Relapsing Remitting Multiple Sclerosis Patients Using Diffusion Tensor Imaging,,,,,,
"Abdolalizadeh, Amirhussein; Nabavi, Samaneh; ",Visual attention and poor sleep quality,Frontiers in neuroscience,16,,850372,2022,Frontiers Media SA
"Abdolalizadeh, AmirHussein; Ohadi, Mohammad Amin Dabbagh; Ershadi, Amir Sasan Bayani; Aarabi, Mohammad Hadi; ",Graph theoretical approach to brain remodeling in multiple sclerosis,Network Neuroscience,7,1,148-159,2023,MIT Press
"Abdolalizadeh, AmirHussein; Moradi, Kamyar; Dabbagh Ohadi, Mohammad Amin; Mirfazeli, Fatemeh Sadat; Rajimehr, Reza; ",Larger left hippocampal presubiculum is associated with lower risk of antisocial behavior in healthy adults with childhood conduct history,Scientific reports,13,1,6148,2023,Nature Publishing Group UK London
"Saleh, A Abdolalizadeh; Burkhardt, M; Gießing, C; Thiel, C; ",Dopamine-driven functional network dynamics: Unraveling network flexibility in Parkinson's disease,Clinical Neurophysiology,159,,e35,2024,Elsevier
"Seyedmirzaei, Homa; Soltani Khaboushan, Alireza; Abdolalizadeh, Amirhussein; Aarabi, Mohammad Hadi; ",Microstructural alterations of cerebellar peduncles in multiple sclerosis: a diffusion tensor imaging study,Acta Neurologica Belgica,125,3,679-689,2025,Springer International Publishing Cham
"Rostami, Farzad; Soltani, Sarvenaz; Grafman, Jordan; Heyrani, Raheleh; Yazdanpanah, Aryan; Jahanbakhshi, Amin; Vahabie, Abdol-Hossein; Shariat, Seyed Vahid; Abdolalizadeh, AmirHussein; Mirfazeli, Fatemeh Sadat; ",Risky Choices After Frontal Brain Injury: Differential Effects in Self vs Other-Decision Contexts,bioRxiv,,,2025.11. 21.689684,2025,Cold Spring Harbor Laboratory
"Deng, Yan; Saleh, Amir Hussein Abdolalizadeh; Schmitt, Tina; Thiel, Christiane; ",Functional connectivity in cognitive-motor dual tasks: a comparison of neural mechanisms in healthy older and younger adults,Clinical Neurophysiology,176,,2110858,2025,Elsevier
"Saleh, Amir Hussein Abdolalizadeh; Rosemann, Stephanie; Tahmasian, Masoud; Thiel, Christiane; ",White matter microstructural alterations associated with REM-sleep behavior disorder in prodromal Parkinson’s disease: a fixel-based analysis,Clinical Neurophysiology,176,,2110866,2025,Elsevier
"Al-Naji, Anas; Abdolalizadeh, Amirhussein; Kristanto, Daniel; ",Morphometric Latent Factors in Autism and Their Association with Receptor Profiles and Behavior,bioRxiv,,,,2025,Cold Spring Harbor Laboratory
"Kristanto, Daniel; De Castro, Daniela Rodriguez; Saleh, Amirhussein Abdolalizadeh; ",The Research Landscape of Dynamic Functional Connectivity in Parkinson's Disease: Systematic Review and Interactive Tool,bioRxiv,,,2025.12. 08.692999,2025,Cold Spring Harbor Laboratory
"Deng, Yan; Abdolalizadeh, AmirHussein; Fakhar, Kayson; Schmitt, Tina; Witt, Karsten; Gießing, Carsten; Rieger, Jochem W; Thiel, Christiane M; ",Domain-Specific Functional Network Adaptations Supporting Dual-Task Performance in Older Adults,bioRxiv,,,2025.09. 28.678786,2025,Cold Spring Harbor Laboratory
